id,accuracy,precision,recall,f1,tumour_present
Brats18_2013_21_1-76.jpg,0.0,0.0,0.0,0.0,True
Brats18_TCIA13_618_1-88.jpg,0.06041207165528,0.06041207165528,0.06041207165528,0.06041207165528,False
Brats18_2013_6_1-100,0.20752365194250186,0.18680402388509332,0.16445868685831586,0.17482856861985185,True
Brats18_CBICA_AUR_1-100,0.09076897212982679,0.08558906511547465,0.08000273085878029,0.08259520129916428,False
Brats18_CBICA_ALU_1-84.jpg,0.1405064774063231,0.1470658241462965,0.12850970559811428,0.13712047652554202,True
Brats18_TCIA08_167_1-84.jpg,0.18391433331596937,0.1894991921280341,0.178101729456509,0.18358204155517496,True
Brats18_CBICA_APZ_1-92.jpg,0.057697536155721325,0.05849537312887343,0.056867164175798415,0.057650065904179267,True
Brats18_TCIA01_150_1-88.jpg,0.03931725564444044,0.06981192164110918,0.021564102393287404,0.030686821699491586,False
Brats18_CBICA_AQY_1-100,0.010229968204135576,0.013618264425987656,0.008257395620674127,0.009271031099141257,False
Brats18_TCIA10_346_1-92.jpg,0.08162605712644416,0.08126870040676892,0.08300918112050898,0.08195627361129464,True
Brats18_TCIA08_218_1-72.jpg,0.07086299643671029,0.06466070291557614,0.08034965520145713,0.0715614093564872,False
Brats18_TCIA09_493_1-76.jpg,0.041261513584444624,0.04074465579101678,0.04205206848150686,0.0413197146610927,False
Brats18_TCIA02_135_1-104,0.05992842831404163,0.0533796792372249,0.06676959189539279,0.05929249958976008,True
Brats18_TCIA06_165_1-88.jpg,0.06548004931975672,0.06004587298984144,0.07367192954004052,0.06616165222936111,True
Brats18_CBICA_AYW_1-76.jpg,0.004365336621317115,0.004003058199322763,0.004911461969336035,0.004410776815290741,False
Brats18_TCIA01_378_1-84.jpg,0.007627717974947836,0.007605075573573188,0.007661850809199018,0.007630557987071187,False
Brats18_TCIA12_466_1-88.jpg,0.01856456977709304,0.018563237871129824,0.01856657759087252,0.01856473683662971,True
Brats18_CBICA_AOZ_1-100,0.03573019624115834,0.030885346790292565,0.03918486293569098,0.03452868837670278,True
Brats18_TCIA02_321_1-96.jpg,0.044676968718245245,0.04345817652203806,0.045414400502622396,0.044396084460851026,True
Brats18_2013_22_1-92.jpg,0.002233848435912262,0.002172908826101903,0.00227072002513112,0.002219804223042551,True
Brats18_CBICA_ASE_1-72.jpg,0.03307126584663339,0.023912995658385804,0.04246090701291886,0.030588304395709233,False
Brats18_TCIA08_278_1-88.jpg,0.04316486761047218,0.04274858260191547,0.04359166948166698,0.043052005726339264,True
Brats18_TCIA13_650_1-100,0.0018767333743683558,0.0018586340261702377,0.0018952899774637817,0.001871826335927794,True
Brats18_TCIA10_410_1-72.jpg,0.024737161957184273,0.025146542034119725,0.023800070949256267,0.024454470940733178,False
Brats18_CBICA_ALN_1-108,0.030434374844914864,0.025704079730799547,0.03291332195525267,0.028842424406155052,True
Brats18_CBICA_ATD_1-96.jpg,0.03010106518610608,0.02991913075864011,0.03019640930573446,0.03003983632307686,True
Brats18_TCIA04_192_1-108,0.026983492088536707,0.027045745444475813,0.024988833042512273,0.025973727960060596,True
Brats18_TCIA10_266_1-76.jpg,0.014585908663804116,0.014588131997944797,0.014514670840731813,0.014549845659215683,False
Brats18_TCIA08_105_1-76.jpg,0.02233727256736314,0.026087522181264495,0.01878317425436787,0.02182759043128328,True
Brats18_CBICA_AOZ_1-92.jpg,0.028392454060916696,0.02578088192518314,0.030529714864744338,0.02790770044713894,True
Brats18_TCIA13_618_1-104,0.014620723755218758,0.01453647949277574,0.014689667652116423,0.014605086541871088,True
Brats18_CBICA_AQO_1-80.jpg,0.02593873601616452,0.02478652587357964,0.027537971605654063,0.026088628591847237,False
Brats18_TCIA04_361_1-92.jpg,0.02492156965537553,0.025074438364548285,0.025368635282764798,0.02521885106699214,True
Brats18_CBICA_AXO_1-76.jpg,0.02068678312363041,0.019714547270549415,0.015522556759672509,0.01735708660455314,True
Brats18_TCIA10_442_1-88.jpg,0.007961763538910363,0.007933985371679476,0.007814214214225852,0.007866629352651013,True
Brats18_CBICA_AOO_1-72.jpg,0.026564828273097894,0.02656405665734148,0.02656072968074555,0.02656218565681291,False
Brats18_TCIA03_257_1-96.jpg,0.009545306528226586,0.00954528567374668,0.009545195755460307,0.009545235106164828,False
Brats18_TCIA08_205_1-84.jpg,0.02300586443628347,0.023862313696253867,0.023125100759183826,0.023487861333805784,True
Brats18_TCIA13_621_1-108,0.01820412192769171,0.014628867026986252,0.023136162387058345,0.01788816881302252,True
Brats18_TCIA08_278_1-100,0.006795104981119711,0.0067057236086020735,0.0069184059926038766,0.006787206153252981,True
Brats18_TCIA02_179_1-104,0.00916746037201299,0.00916528033853695,0.009170467713756505,0.009167267717674775,True
Brats18_CBICA_AWH_1-104,0.016266617119586286,0.02292866136405085,0.012670507760670661,0.01630320412599023,True
Brats18_TCIA10_175_1-84.jpg,0.014032636407603528,0.016687797629977956,0.012118967998880618,0.014033487268217572,True
Brats18_TCIA02_394_1-100,0.02120801170480793,0.02126835627804371,0.021164519240973317,0.02120803104254916,False
Brats18_TCIA03_121_1-88.jpg,0.013885169564491076,0.01662464343947547,0.011939856699978617,0.013885169994218662,True
Brats18_2013_22_1-96.jpg,0.002832648230962696,0.0028922020108536613,0.002790358820864599,0.0028326482403046,True
Brats18_TCIA10_282_1-96.jpg,0.005875390405604354,0.005876657507304163,0.005874490630921416,0.005875390405803119,True
Brats18_CBICA_ABE_1-72.jpg,0.011136827255601793,0.011136853653553873,0.011136808510295899,0.011136827255605934,False
Brats18_TCIA01_335_1-104,0.012890058667554584,0.01043136436027661,0.016504957185515798,0.012771671013602192,False
Brats18_CBICA_ARW_1-92.jpg,0.0025129777537871876,0.0024638038676416283,0.002585275724146412,0.00251061000070814,True
Brats18_TCIA12_298_1-92.jpg,0.012413464589301612,0.01565342136271702,0.010393745992268688,0.01248976135437741,True
Brats18_TCIA01_429_1-92.jpg,0.013939565591877739,0.012600550216797641,0.014105427197412078,0.013293508849320125,False
Brats18_TCIA02_117_1-76.jpg,0.012412028718801777,0.01749843383756833,0.010277470994467611,0.012923330270382557,False
Brats18_CBICA_ATF_1-80.jpg,0.0015615376645126036,0.0016557303518971694,0.0015220088177656747,0.0015710062117640995,False
Brats18_TCIA13_621_1-80.jpg,0.011215141468933083,0.017572191730303853,0.009277688251935447,0.012141429981091014,False
Brats18_CBICA_AOP_1-92.jpg,0.001558691213412604,0.001672209968079939,0.0015240938345376463,0.0015752320797011385,True
Brats18_CBICA_BHB_1-76.jpg,0.01657209845012189,0.01657409000722132,0.016571491478562683,0.016572388640758533,False
Brats18_CBICA_AAB_1-84.jpg,0.011865621688658599,0.01673794857066069,0.00921979581613066,0.011865626691945434,True
Brats18_TCIA06_211_1-108,0.004153534496638597,0.004236116308197955,0.004108689990324564,0.004153534581440069,False
Brats18_TCIA08_280_1-72.jpg,0.015622950316943803,0.015624326680469793,0.015622202908505236,0.015622950318357162,True
Brats18_CBICA_AQY_1-92.jpg,0.001326166300049329,0.001326188863385821,0.0013261540474519755,0.001326166300072499,False
Brats18_TCIA08_234_1-100,0.015100181117725667,0.01510018148165045,0.015100180920103129,0.015100181117726041,True
Brats18_TCIA01_411_1-108,0.0124817321143577,0.012471808316450459,0.011512680260583998,0.011972675642180963,True
Brats18_CBICA_AXM_1-92.jpg,0.009750537282850563,0.009750382223508262,0.00973539584763535,0.009742583275472802,True
Brats18_2013_6_1-108,0.014405078468698122,0.014405076083169778,0.014404845523540965,0.014404956099353848,True
Brats18_2013_18_1-72.jpg,0.013036512375521852,0.013308200141973073,0.012116700167251611,0.01268404360991739,True
Brats18_TCIA08_469_1-100,0.010056730343258038,0.008282604575225937,0.013108219838665195,0.010136753886691403,False
Brats18_TCIA10_640_1-72.jpg,0.008368953732808103,0.007474744184929792,0.006564853196748137,0.006976534803810576,False
Brats18_CBICA_ANG_1-84.jpg,0.00846023357227919,0.009669532315718522,0.007577143734969234,0.008495883919634921,True
Brats18_CBICA_BHM_1-100,0.012047941023107479,0.010880396526554278,0.011916932592899889,0.011371628278058713,False
Brats18_TCIA02_274_1-76.jpg,0.008104955037598265,0.008088510748914417,0.008103109848440412,0.00809542950597786,True
Brats18_2013_9_1-96.jpg,0.006817462711679707,0.011214370123294926,0.0039051812862479617,0.005766269333958329,False
Brats18_CBICA_ABE_1-92.jpg,0.002973974713227706,0.0030342063216059964,0.002934080447125901,0.002959574803943851,False
Brats18_TCIA02_370_1-104,0.00299149784820497,0.00299231178885873,0.0029909587365008912,0.0029913032548362687,True
Brats18_CBICA_AXM_1-76.jpg,0.007055142864341954,0.007055153716884005,0.0070551356761859,0.007055140269763706,False
Brats18_TCIA01_180_1-84.jpg,0.008459245647668649,0.010641871449808778,0.007024967316106958,0.008459245613529459,True
Brats18_TCIA02_377_1-92.jpg,0.00010986033308660583,0.00013820612272478933,9.123334176762284e-05,0.00010986033264323973,False
Brats18_TCIA02_274_1-92.jpg,0.011805579483878994,0.011805942891438458,0.011805340676297982,0.011805579483873311,True
Brats18_TCIA01_150_1-72.jpg,0.007698894388951812,0.008877621866203693,0.006833607525716879,0.007720074459611937,True
Brats18_TCIA10_393_1-96.jpg,0.007617295144964184,0.009201218255292494,0.006499294587375376,0.0076175598958474365,True
Brats18_CBICA_AMH_1-96.jpg,0.008201213551433299,0.00977743476668725,0.0070003679508687374,0.008159064106334553,True
Brats18_CBICA_AOZ_1-84.jpg,0.011341377393071108,0.011360599603013229,0.011326732934527637,0.011340863375447952,False
Brats18_CBICA_ABM_1-80.jpg,0.00013664310112133866,0.00013687469401220758,0.00013646666186177875,0.00013663690813792712,False
Brats18_TCIA02_377_1-72.jpg,0.00883485869709903,0.007447811537768331,0.010752983970393723,0.008800241505383668,False
Brats18_TCIA10_393_1-100,0.006758816018836426,0.007030302461407327,0.006885927797133025,0.006953358378453216,True
Brats18_TCIA08_242_1-96.jpg,0.007626433225996863,0.0058957011914117135,0.00842570513308103,0.006934320057891772,False
Brats18_TCIA02_607_1-84.jpg,0.0022825870990246266,0.0022626936273627283,0.002291774132439387,0.002274631775253304,False
Brats18_TCIA01_448_1-76.jpg,0.0038294768592164116,0.003829250797038436,0.0038295812573233973,0.003829386457809919,True
Brats18_CBICA_ANZ_1-92.jpg,0.0030940135246944143,0.0030940109846699427,0.0030940146977068523,0.0030940125089482743,True
Brats18_CBICA_ABY_1-100,0.0015885131842523132,0.001588513156029819,0.0015885131972857847,0.001588513172966245,True
Brats18_CBICA_AOH_1-96.jpg,0.0028891215052397816,0.0028891215049296447,0.0028891215053830064,0.0028891215051157593,True
Brats18_TCIA02_300_1-80.jpg,0.01002441795603043,0.010024417956027057,0.010024417956031985,0.010024417956029081,True
Brats18_TCIA02_374_1-84.jpg,0.006957591530880657,0.009035326567666573,0.005664386457321604,0.006957591530880643,True
Brats18_TCIA04_111_1-80.jpg,0.007121042273366868,0.007143145837587996,0.007107284772584326,0.007121042273366868,True
Brats18_CBICA_ATF_1-72.jpg,0.007918753320632098,0.006507539207741205,0.009525205911730788,0.0077295837014947615,True
Brats18_CBICA_AVV_1-104,0.006646296205073075,0.005670496057419458,0.00650206616846771,0.006056630331113997,False
Brats18_TCIA03_121_1-108,0.009890082231609117,0.009880022436272482,0.009888595324015249,0.009884003201980674,True
Brats18_TCIA02_300_1-104,0.0042187862018673375,0.004218683550894515,0.00421877102934087,0.004218724170952762,True
Brats18_TCIA02_394_1-92.jpg,0.00030827534445559013,0.0003082743075770768,0.00030827519119774703,0.00030827471788069546,False
Brats18_TCIA10_241_1-76.jpg,0.007189758495808207,0.008692906021564497,0.007001426411810142,0.0077559795496525575,True
Brats18_TCIA01_186_1-88.jpg,0.007270739718151801,0.0072441875752576835,0.006660085077510908,0.006939527377526023,True
Brats18_TCIA13_630_1-80.jpg,0.005983350628210112,0.005382217121327473,0.006252745271697469,0.005783970074262505,False
Brats18_CBICA_AXO_1-80.jpg,0.007146434506861543,0.007478304973771054,0.006412217016974107,0.006903032889833616,True
Brats18_TCIA10_202_1-104,0.006651464061358353,0.0066546551235401735,0.006644404277801742,0.0066491236611946215,True
Brats18_TCIA10_202_1-96.jpg,0.006730635602026613,0.008776779855333719,0.0054626645864186306,0.006730613312501244,True
Brats18_TCIA02_226_1-84.jpg,0.005918667427595088,0.005128056289054368,0.007254079224703499,0.005997408028866739,False
Brats18_TCIA08_242_1-76.jpg,0.006443902789689569,0.005619218260548876,0.007265769800241071,0.006337072273191274,True
Brats18_TCIA01_378_1-108,0.005737757091759508,0.004928325458447585,0.005442440833588756,0.005172268709315037,True
Brats18_TCIA03_199_1-84.jpg,0.006905099819879161,0.0070624278421700494,0.007527071122922364,0.007287332101267213,True
Brats18_TCIA03_265_1-108,0.003975015379702279,0.003976445634450379,0.0039806696642754,0.00397849021862399,True
Brats18_TCIA10_449_1-88.jpg,0.004320101507552576,0.004320114392730487,0.0043201524470532346,0.004320132812407727,True
Brats18_CBICA_ASU_1-96.jpg,0.006911243583759386,0.006119023972323793,0.0072104839097998155,0.006619807834872224,False
Brats18_TCIA09_141_1-76.jpg,0.0059738793215378975,0.005966868528516343,0.005976527466016131,0.0059713002441141175,True
Brats18_TCIA03_375_1-76.jpg,0.008451159169666676,0.008451097671482275,0.008451182399004204,0.008451136546180502,True
Brats18_TCIA10_299_1-88.jpg,0.007222632369545223,0.0064103261801300914,0.007999921315336713,0.007116546198060229,False
Brats18_CBICA_AAP_1-100,0.005919175282119345,0.008648323528645677,0.004514159215906567,0.005920696050723687,True
Brats18_CBICA_ATF_1-100,0.0028978809200454563,0.0029212069734345703,0.0028858722357188514,0.002897893918067716,True
Brats18_TCIA09_254_1-100,0.005697313149326043,0.006858369690098255,0.005234951186570027,0.005937243124357768,True
Brats18_TCIA02_290_1-96.jpg,0.007878629666277094,0.007888386443930641,0.007874744271632084,0.007880645884554671,True
Brats18_CBICA_ASK_1-92.jpg,0.0032302983108519387,0.004232403220366088,0.0012089030136909187,0.0018599149817861158,False
Brats18_TCIA03_121_1-76.jpg,0.005462324020039416,0.007578711744343819,0.004258396046620607,0.005450998537981019,True
Brats18_CBICA_BHB_1-92.jpg,4.477314770524111e-05,6.212058806839196e-05,3.490488562803776e-05,4.468031588509032e-05,False
Brats18_TCIA02_171_1-80.jpg,0.005299211881826186,0.004065545695837954,0.007461461729486642,0.005263145910049334,False
Brats18_TCIA12_298_1-72.jpg,0.005371504187690371,0.00731428151449962,0.0042611563063374965,0.005370464955548016,True
Brats18_TCIA10_307_1-72.jpg,0.0045653526818664235,0.004580894900480898,0.0045564698988156006,0.004565344368009285,False
Brats18_2013_19_1-80.jpg,0.005440301183197578,0.0040046102769879435,0.005697484837855922,0.004702183746721582,False
Brats18_CBICA_AZD_1-76.jpg,0.005416132827015603,0.006440322711490844,0.005293748498063218,0.005808159964435029,False
Brats18_TCIA01_429_1-104,0.004834731417311781,0.0048691260961020895,0.0035357239067397585,0.004096460646458006,False
Brats18_CBICA_ANZ_1-84.jpg,0.002531308673833396,0.0025315752992503752,0.002521238848170047,0.0025255856446019715,False
Brats18_CBICA_ASW_1-72.jpg,0.005051466764752912,0.004067347385397042,0.005536778037117968,0.004689175997485276,False
Brats18_2013_25_1-96.jpg,0.0043130645172452355,0.0043055521555707636,0.004316769183446496,0.004310298938869147,True
Brats18_CBICA_AMH_1-100,0.005000977295908808,0.004139762762301292,0.006310991923999175,0.004998424736523142,True
Brats18_CBICA_AVJ_1-80.jpg,3.760133305194593e-05,3.112603580677663e-05,4.7451067097738156e-05,3.7582140876113855e-05,False
Brats18_TCIA12_249_1-80.jpg,0.004249710740847779,0.004249662417734009,0.004249784246325732,0.004249710597622586,True
Brats18_2013_8_1-108,0.0037709221844091922,0.0037709218264602015,0.0037709227288942136,0.0037709221833482644,True
Brats18_TCIA08_406_1-76.jpg,0.004320902380025769,0.0046133452615805415,0.00437080307360645,0.00448877991586895,True
Brats18_TCIA02_151_1-76.jpg,0.005045109477869622,0.0039741647906904945,0.006550289424313049,0.004944504372507842,False
Brats18_TCIA13_653_1-80.jpg,0.0022829276745234602,0.0022751672057757855,0.0022938347755846445,0.0022821986520208384,False
Brats18_CBICA_AZD_1-100,0.0011221178201892069,0.001122061989478792,0.0011221962885421652,0.0011221125754230011,True
Brats18_TCIA04_343_1-108,0.002986767603887462,0.0029867672050966736,0.0029867681643756974,0.0029867675664248467,False
Brats18_2013_8_1-88.jpg,0.00448332653936502,0.003895133243256412,0.005315855289797184,0.0044954204243532435,False
Brats18_CBICA_AQN_1-76.jpg,3.157272210820436e-05,2.7430515797580364e-05,3.7435600632374535e-05,3.165789031234679e-05,False
Brats18_2013_15_1-72.jpg,0.004792469568516694,0.0034966953182922907,0.006479243226010726,0.004542112109204522,True
Brats18_TCIA05_396_1-108,0.00043158561391224364,0.0004225871816190186,0.0004432993198670633,0.000429847020444798,True
Brats18_CBICA_ASV_1-76.jpg,0.0037494431178827364,0.004127743561822703,0.0032776789186535113,0.003653844858888316,False
Brats18_TCIA02_314_1-84.jpg,0.004024330102656586,0.004026921201587681,0.004021098841018029,0.004023675320060733,True
Brats18_CBICA_ASA_1-100,0.004318310204415824,0.0037377049426957675,0.00447904281940867,0.004074700897235871,False
Brats18_CBICA_ASA_1-88.jpg,0.004256039741465201,0.0038624742060952523,0.0047348425048950125,0.0042543937326329035,False
Brats18_TCIA02_300_1-76.jpg,0.003485209553277619,0.0033828018990371325,0.0036632064808058457,0.0035173139918384185,True
Brats18_CBICA_ALX_1-92.jpg,0.005052506343697594,0.005051823626002657,0.005053692989881116,0.005052720373288,True
Brats18_TCIA05_277_1-100,0.006212097836091005,0.006212093314781768,0.006212105694675002,0.006212099253505511,True
Brats18_CBICA_ATX_1-92.jpg,4.086906471112503e-05,4.0869034965669525e-05,4.086911641233554e-05,4.086907403622047e-05,True
Brats18_TCIA10_413_1-104,2.6711807000735316e-07,2.671178755926113e-07,2.671184079237617e-07,2.6711813095568935e-07,True
Brats18_TCIA03_296_1-108,0.002618727560251069,0.002618727560249807,0.002618727560253264,0.002618727560251465,True
Brats18_TCIA12_101_1-88.jpg,0.003347035217313804,0.005154196954526705,0.0023126198003591107,0.003190254086112893,True
Brats18_CBICA_AYU_1-92.jpg,0.0038878496939790366,0.004604316010265814,0.003364677917357273,0.0038868446867277476,True
Brats18_2013_17_1-108,0.0022388308232475155,0.0038853278526943366,0.0023346536914601646,0.0029164624088160755,True
Brats18_TCIA09_254_1-108,0.005914496630385635,0.005924917497660615,0.005915103104235082,0.005918785437889234,True
Brats18_CBICA_AWI_1-84.jpg,0.002022240098712014,0.0020223056387577687,0.0020222439130129543,0.0020222670723441124,True
Brats18_CBICA_ASH_1-88.jpg,1.2639000616950088e-05,1.2639410242236055e-05,1.2639024456330965e-05,1.2639169202150702e-05,False
Brats18_TCIA10_310_1-84.jpg,0.001669178395682191,0.0016691783982264474,0.0016691783958302615,0.001669178396729304,False
Brats18_CBICA_AQD_1-80.jpg,0.0024275517363841538,0.002427551736399859,0.002427551736385068,0.0024275517363906173,False
Brats18_TCIA10_202_1-80.jpg,0.0039649212955579615,0.005336554610274541,0.0031554559290936654,0.003964921295558001,True
Brats18_CBICA_AYI_1-100,0.001770535728941345,0.001778899346714007,0.0017655999645116844,0.001770535728941345,True
Brats18_TCIA01_401_1-92.jpg,0.004328511504016992,0.004328562192609554,0.004328481590293176,0.004328511504016992,True
Brats18_2013_21_1-96.jpg,0.0034286024928981054,0.0030315257345824866,0.003472353350400074,0.0032368792194427654,True
Brats18_TCIA02_283_1-92.jpg,2.0530553849689254e-05,1.8152848710074772e-05,2.079253503233577e-05,1.9382510296064463e-05,False
Brats18_TCIA01_460_1-104,0.003638062530322386,0.003514450274337305,0.004911222362473246,0.004097059740035246,True
Brats18_TCIA02_151_1-84.jpg,0.004999833012518036,0.00466425749150184,0.005132042596834074,0.00488663236857404,False
Brats18_TCIA02_331_1-84.jpg,0.0038415138124528445,0.002968613279361775,0.005443735893893788,0.0038402887582344386,False
Brats18_TCIA01_131_1-96.jpg,0.003722420008799769,0.0037173153273197044,0.0037317897285742774,0.003722412844740012,True
Brats18_TCIA08_406_1-72.jpg,0.003620253054846334,0.0033831279446437336,0.003653551647543134,0.0035131021596977903,True
Brats18_TCIA01_150_1-76.jpg,0.004873490292168477,0.004885187421491157,0.004956368084385178,0.004920500224347734,True
Brats18_TCIA10_387_1-108,0.0036399884146449692,0.002901639008169489,0.004709317141087354,0.0035892962822599195,True
Brats18_CBICA_ARZ_1-84.jpg,0.00042701617247494286,0.0004227970330093687,0.00043312662234032797,0.0004267265031470283,False
Brats18_TCIA12_480_1-80.jpg,0.0031960990404541214,0.0034862856760585243,0.002950554893733816,0.003196097394605667,True
Brats18_CBICA_APR_1-104,0.004035269407603126,0.0040829477701180535,0.003713553448194074,0.0038894761096197688,True
Brats18_CBICA_ASO_1-92.jpg,0.00394147823460363,0.003184482666615367,0.005023726283511019,0.003896418875843594,True
Brats18_2013_16_1-96.jpg,0.0035294573155546433,0.004405143809294547,0.002949573745793425,0.003529205587293414,True
Brats18_CBICA_ASK_1-96.jpg,0.001154573414792121,0.0011594383397573428,0.0011513518394045588,0.0011545720163017809,False
Brats18_TCIA10_629_1-80.jpg,0.0010796363212838968,0.0010796631993223787,0.0010796185225248496,0.001079636313557431,True
Brats18_TCIA09_312_1-84.jpg,0.0012198276843036866,0.0012198278319852168,0.0012198275865083073,0.0012198276842612335,True
Brats18_TCIA13_618_1-92.jpg,6.6657250508398175e-06,6.665725857842714e-06,6.665724516438838e-06,6.665725050607834e-06,False
Brats18_TCIA09_402_1-84.jpg,0.0039138694777257725,0.0029455987852819937,0.0044806052080711475,0.0035544564956237474,True
Brats18_TCIA06_165_1-96.jpg,2.115605123095012e-05,1.5922155596118886e-05,2.4219487611195392e-05,1.921327835472296e-05,True
Brats18_TCIA10_640_1-76.jpg,0.0029857221364233077,0.0029551097317049146,0.002999207189974967,0.002976990882593646,False
Brats18_2013_25_1-104,0.0019619027318159574,0.002689599517281844,0.0015455983457660076,0.0019618560406190074,False
Brats18_TCIA10_420_1-84.jpg,0.0025024268385036783,0.0025062975660859435,0.0025002124534714977,0.0025024265901462477,True
Brats18_CBICA_AQV_1-100,0.0033156923403514947,0.0029412456026719474,0.0029285275866132387,0.002934868440957573,True
Brats18_TCIA09_254_1-96.jpg,0.0049251579693382385,0.004923187197034663,0.004923120260108038,0.004923153633025639,True
Brats18_CBICA_AQD_1-104,0.0030615890722582436,0.003494309964248563,0.0028441617151343246,0.0031356190389259728,True
Brats18_TCIA12_249_1-100,0.002475582506993188,0.002477836261638971,0.002474450072841501,0.002475968079736249,True
Brats18_TCIA10_410_1-96.jpg,0.004850049442521982,0.0048500611200071935,0.004850043574987518,0.004850051440308216,True
Brats18_TCIA08_319_1-72.jpg,0.0014578637533543461,0.001457863813547569,0.0014578637231093233,0.0014578637636522133,False
Brats18_TCIA08_105_1-100,0.0007448629852550843,0.0007448629855637674,0.0007448629850999816,0.0007448629853078938,True
Brats18_TCIA13_642_1-88.jpg,0.0035740867665998133,0.0025548207295181826,0.0049395411281141135,0.0033673844309556403,False
Brats18_TCIA02_374_1-108,0.004747083351539124,0.004741909412264598,0.0047540145919529025,0.004746034101104382,True
Brats18_2013_27_1-72.jpg,0.003280092625615162,0.003037385591170021,0.0034205245781515257,0.003217498408495353,False
Brats18_CBICA_ASU_1-104,0.0047054478065374685,0.0045861402279657355,0.00499210156267956,0.004780512690755733,False
Brats18_CBICA_AQR_1-80.jpg,0.0022789990399590338,0.0022784025020661748,0.002280432308739744,0.0022793743643801253,False
Brats18_TCIA03_138_1-80.jpg,0.002743594768881027,0.002767460244351998,0.0028843686561681823,0.0028247004453947682,False
Brats18_CBICA_ARZ_1-80.jpg,0.0004413817331030936,0.00044149987902126673,0.0004420786335352082,0.00044178324635316157,False
Brats18_CBICA_ARW_1-104,0.003571626269243742,0.0029097712652958892,0.0041867022777736344,0.0034332820236262075,True
Brats18_2013_27_1-108,0.003958031369586965,0.0044659194341927985,0.003594695479148321,0.003981775249522109,True
Brats18_CBICA_ASN_1-76.jpg,0.0028409772846513127,0.003052079146372643,0.0026574562689189317,0.002841093108455874,False
Brats18_TCIA10_644_1-72.jpg,0.0008309425132369543,0.00083196727955599,0.0008300516345198069,0.0008309430754884328,True
Brats18_TCIA10_629_1-84.jpg,0.004576550137690131,0.00457655508825206,0.0045765458339282125,0.004576550140406322,False
Brats18_TCIA09_177_1-84.jpg,0.0008548775717954993,0.0008548775955962778,0.0008548775511043363,0.000854877571808558,False
Brats18_TCIA03_265_1-72.jpg,0.003245645890102267,0.0035467778939362454,0.002829667017575769,0.003147846618055665,True
Brats18_CBICA_AQV_1-96.jpg,0.003075046115154784,0.003064067128388929,0.003060652314691975,0.003062167455646641,True
Brats18_TCIA08_242_1-100,0.0028896836282518395,0.002425901160243462,0.003523943560863839,0.0028730999836577347,False
Brats18_TCIA10_410_1-80.jpg,0.003365343275767041,0.003043952726926421,0.003543625616534652,0.0032746700116988276,True
Brats18_TCIA13_633_1-108,0.004368965065422448,0.004367456189606295,0.004369802071717131,0.00436853936934701,True
Brats18_2013_19_1-88.jpg,0.003058302757387037,0.002356857271914048,0.004065875209896514,0.0029825387531638653,False
Brats18_TCIA02_309_1-92.jpg,0.0036825227929564368,0.004360646774709142,0.0030674752000527583,0.0035985834799739397,True
Brats18_2013_9_1-72.jpg,0.003130070631124753,0.002335002994327357,0.0040697411963246805,0.0029640074014614217,False
Brats18_TCIA08_278_1-80.jpg,0.00437979662461282,0.004376132718452462,0.004384126903715123,0.0043790313562733565,True
Brats18_2013_22_1-84.jpg,0.0032139656626073627,0.0029049605070136154,0.003956614673571359,0.0033497214132187795,False
Brats18_TCIA10_202_1-72.jpg,0.0005561540485229407,0.0005547430660773072,0.0005595451398972055,0.000556773937795139,False
Brats18_TCIA02_394_1-84.jpg,2.5279729478315483e-06,2.521559391260487e-06,2.5433869995327524e-06,2.5307906263415407e-06,True
Brats18_CBICA_AQR_1-72.jpg,0.002765554354634925,0.0024220728048638834,0.0030808028436401396,0.0027120105272725524,False
Brats18_TCIA03_121_1-92.jpg,0.0041264306982040965,0.004124883484015939,0.004127850736442859,0.004126189509792554,True
Brats18_TCIA03_338_1-72.jpg,0.0017751161900495893,0.0017751092518693734,0.001775122557934068,0.0017751151084872056,False
Brats18_CBICA_BHB_1-72.jpg,0.002793747041923642,0.003320147986726998,0.0025547487939482005,0.0028874542527452898,False
Brats18_TCIA10_637_1-84.jpg,0.0036601454311650057,0.003073677005668377,0.004172074131139057,0.0035385798773092513,True
Brats18_CBICA_ANI_1-100,0.0029779386224371494,0.0041585357620014,0.0023335361584350526,0.0029865003520400603,True
Brats18_TCIA08_469_1-88.jpg,0.0027160743877385186,0.004162740753648101,0.001823010185925873,0.0025354081285610735,True
Brats18_CBICA_AOH_1-88.jpg,0.0002825111006894563,0.00028885612861011235,0.00027859415243589204,0.000281718704815871,True
Brats18_TCIA08_218_1-104,0.002245623009671105,0.003908333547451869,0.0015776862154411708,0.002247727417986915,True
Brats18_2013_24_1-92.jpg,0.0026310623247537707,0.002697698330784813,0.0025298420921485015,0.0026092265296543747,True
Brats18_TCIA01_460_1-80.jpg,0.0034721305722871494,0.004047003416287716,0.003080464860803827,0.0034980695797986166,False
Brats18_TCIA01_180_1-100,0.002903008924667209,0.0041828378464814275,0.0022235295307464053,0.002903120730734069,True
Brats18_TCIA02_135_1-92.jpg,0.0028829803438375837,0.0024717841408200603,0.0032660199726108913,0.002811204080027626,False
Brats18_TCIA03_375_1-88.jpg,0.001821170400493998,0.0018194131517631539,0.0018228073219844821,0.00182086366432387,False
Brats18_TCIA09_451_1-104,0.0014853935504853927,0.001485386072831219,0.0014854005161087564,0.0014853922452250944,True
Brats18_TCIA08_406_1-108,0.0026179978246618127,0.0031082289506585547,0.0024138160811596923,0.00271726054704169,True
Brats18_TCIA04_437_1-72.jpg,1.1046404323467565e-05,1.3114890087166898e-05,1.0184877979576761e-05,1.1465234375703334e-05,False
Brats18_TCIA10_625_1-88.jpg,0.0025158425939825917,0.0029721460854142375,0.002218788420478394,0.0025408000268582094,True
Brats18_2013_28_1-96.jpg,1.0526538050136367e-05,1.2435757679557479e-05,9.283633558487004e-06,1.063096245547368e-05,True
Brats18_TCIA13_634_1-100,0.003822605201089871,0.00382261315617166,0.0038226000223211556,0.0038226056361915597,True
Brats18_TCIA08_242_1-80.jpg,0.003538062361780916,0.0030117596765883974,0.004015214399229416,0.0034415152447335663,False
Brats18_CBICA_AZD_1-72.jpg,0.00044314248556546657,0.00044096768108119996,0.0004451141881995513,0.0004427435305363453,False
Brats18_TCIA01_429_1-100,0.003963659172234013,0.0038684136863290667,0.004033725791399323,0.003949338916023247,True
Brats18_TCIA10_266_1-100,0.0009392133904813924,0.0009388230401293229,0.0009395005487566601,0.0009391547009067582,True
Brats18_2013_19_1-84.jpg,0.002890605121416806,0.0027810497324812643,0.0030141948596177216,0.002892926402851328,False
Brats18_2013_25_1-108,0.003090329413670557,0.0027945068349566407,0.00364327184836147,0.0031628389632496847,False
Brats18_CBICA_AQR_1-104,0.0022252973057530307,0.0038610824452543066,0.001567347043761251,0.0022255908666825,False
Brats18_CBICA_AYW_1-108,0.0024479914665132274,0.002454587374333797,0.0024453384412632608,0.0024479926502266524,True
Brats18_CBICA_APZ_1-88.jpg,0.0033128089228892993,0.0029156190584520535,0.0038230067908019694,0.0033080290520524133,True
Brats18_TCIA02_168_1-80.jpg,0.0026023234064143845,0.0035526460827911854,0.002055816461013029,0.0026023042869310373,True
Brats18_TCIA03_338_1-92.jpg,0.0037669000611913893,0.003770686207312412,0.0037647227426838145,0.0037668999850181493,False
Brats18_CBICA_ASO_1-108,0.0022113578594999527,0.001999090024632192,0.00247449886953905,0.002211357859197678,False
Brats18_CBICA_AOP_1-76.jpg,0.0029599072050021636,0.002678903449824738,0.0032359456535220915,0.0029311923039540434,False
Brats18_TCIA09_493_1-100,0.00013538771115580156,0.00013428139715904004,0.0001364744767011556,0.00013527466036427352,False
Brats18_CBICA_AUR_1-88.jpg,0.0026646793919450702,0.002105907677851432,0.003694031240463502,0.002682503752103118,True
Brats18_CBICA_AME_1-84.jpg,0.0005382196932726534,0.0005360369912644752,0.0005422405989309285,0.0005382893196795208,False
Brats18_TCIA10_625_1-96.jpg,0.002295853962465013,0.0020124025490526986,0.0024485567648412174,0.0022091369383039007,True
Brats18_TCIA02_135_1-96.jpg,0.00205779334405482,0.0023398498646801567,0.0016024341387298057,0.0019014696024635108,True
Brats18_TCIA03_296_1-96.jpg,0.0025766198219202923,0.0028977590260499428,0.0027103935060714965,0.0028007635058581825,True
Brats18_TCIA10_625_1-76.jpg,0.0024332682268389232,0.0022902153264515385,0.0026642915230431336,0.002463002445039735,True
Brats18_TCIA10_299_1-100,0.0028299875895957225,0.002377764359233442,0.0032011566597382867,0.0027286483361666962,True
Brats18_2013_9_1-80.jpg,1.0801479349601994e-05,9.075436485623824e-06,1.221815518984079e-05,1.0414688305979757e-05,False
Brats18_TCIA12_249_1-92.jpg,0.0008493730274686352,0.0008493664645680117,0.0008493784140687883,0.0008493715567802565,True
Brats18_CBICA_AXJ_1-92.jpg,0.002394732817959301,0.0024937273023048073,0.0024295052801291067,0.002461196861044378,True
Brats18_CBICA_BHK_1-92.jpg,0.0002647134504753655,0.0002650870145672353,0.0002648446673137421,0.00026496425818512044,False
Brats18_TCIA13_630_1-100,0.0014990980594768637,0.0014990994638531489,0.0014990985527732485,0.0014990990023629905,True
Brats18_TCIA10_109_1-84.jpg,0.0027283484688956517,0.001878273780763495,0.0022198209582218946,0.002034775493405397,True
Brats18_TCIA02_151_1-96.jpg,0.0016679971637052042,0.0027993909579681273,0.0014131217966601593,0.0018768517206196377,False
Brats18_TCIA08_242_1-104,0.0027257761340340183,0.002521077923021221,0.0028664466829245996,0.0026814734503779036,False
Brats18_TCIA08_113_1-100,0.0022091177203396608,0.0026309818973641874,0.0019043580368506281,0.0022089536363261194,True
Brats18_TCIA05_396_1-100,0.0007924272099308864,0.0007939839043110508,0.0007913026354530671,0.0007924266044548217,True
Brats18_CBICA_ASH_1-72.jpg,2.913335330628259e-06,2.9190584717318042e-06,2.9092008656362764e-06,2.9133331046133153e-06,False
Brats18_TCIA02_283_1-80.jpg,0.0007014369048991146,0.0007014369258630014,0.0007014368897545542,0.0007014369048909606,False
Brats18_TCIA01_429_1-84.jpg,0.0019700709281917643,0.001827377507028697,0.0017759632483349413,0.0018013030536315104,True
Brats18_CBICA_AZH_1-92.jpg,7.163894284333689e-06,6.6450091164679895e-06,6.458048175763423e-06,6.550192922296401e-06,True
Brats18_TCIA01_499_1-84.jpg,0.0011880057931868714,0.0011880039131681472,0.0011880032357734346,0.0011880035696312118,True
Brats18_TCIA02_168_1-88.jpg,0.0023850275557553736,0.002657890237908543,0.0021631769804255985,0.0023851058964360866,True
Brats18_TCIA09_462_1-76.jpg,0.002245115684339733,0.0021949383377777663,0.0020046994475158607,0.0020954813221541507,True
Brats18_TCIA08_205_1-100,0.0034083849597542964,0.0034082051126340025,0.0034075232528122754,0.0034078486358754953,True
Brats18_2013_5_1-100,1.2172803427693916e-05,1.2172161116550009e-05,1.2169725902900984e-05,1.2170887985269626e-05,True
Brats18_TCIA01_221_1-84.jpg,0.0013152473817609792,0.0013152473794751744,0.0013152473708089338,0.0013152473749444582,True
Brats18_TCIA10_640_1-108,0.002282155447363986,0.0020922076744047413,0.0026921768819898593,0.002354500258688363,True
Brats18_TCIA03_338_1-96.jpg,0.0020118090677696057,0.0027619563741431716,0.0012632959706248713,0.0017315364886631727,False
Brats18_TCIA10_442_1-80.jpg,0.0032949548546703255,0.003297596218425162,0.0032923192451733366,0.003293967979391781,True
Brats18_TCIA02_274_1-100,0.0022384577137129404,0.0023914786873851256,0.002199099451203127,0.0022912349116118325,True
Brats18_TCIA03_338_1-108,0.0007779178440836129,0.0007784528824530961,0.0007777802277811311,0.0007781023797406022,False
Brats18_CBICA_AQN_1-108,0.0023238691555220754,0.0017448726581270144,0.0033352796550990744,0.002290860688689386,False
Brats18_CBICA_AQR_1-108,0.0031654147155629735,0.0026994264984520583,0.003381753907488851,0.0030019527818009144,False
Brats18_TCIA10_628_1-92.jpg,0.001088978936205822,0.00108736652022966,0.001089727514724597,0.0010884133239782718,True
Brats18_TCIA01_425_1-100,0.00040806868867778747,0.00040806312862269725,0.00040807126998302463,0.0004080667382907959,False
Brats18_CBICA_BHM_1-72.jpg,0.0026463881105633956,0.002061505529967734,0.0034177094871622325,0.0025716791604289417,False
Brats18_TCIA01_221_1-76.jpg,9.062972981381491e-06,7.05995044509498e-06,1.170448454507614e-05,8.807120412427883e-06,False
Brats18_2013_18_1-104,0.0022884061610616434,0.001863491963788335,0.002207460402842772,0.00202094380689729,True
Brats18_CBICA_ABN_1-84.jpg,0.002454279284707769,0.0019344788102064726,0.002891674294281774,0.0023180638408445884,False
Brats18_TCIA06_247_1-88.jpg,0.0009682391523642736,0.0009664771168574896,0.0009697218473119822,0.0009677774050969409,True
Brats18_TCIA08_162_1-104,0.00313566898707521,0.0031356630342525517,0.003135673996179763,0.0031356674271182257,False
Brats18_TCIA10_637_1-92.jpg,0.0003144678506646725,0.00031446783062149863,0.00031446786753034446,0.0003144678454122921,False
Brats18_TCIA04_437_1-96.jpg,0.001851330511339973,0.001851330511272714,0.001851330511396569,0.0018513305113223477,True
Brats18_CBICA_AUR_1-96.jpg,0.0015442971676848892,0.0015442971676846644,0.0015442971676850785,0.0015442971676848302,True
Brats18_CBICA_ALN_1-100,0.0010547261684415044,0.0010547261684415036,0.0010547261684415049,0.0010547261684415042,True
Brats18_TCIA08_469_1-84.jpg,0.0017009194631320724,0.0016646336417556196,0.0013222931218648574,0.0014737989133047638,True
Brats18_TCIA02_118_1-80.jpg,0.0023055772961433373,0.0023054571444169254,0.0023043235665364922,0.0023048252413425847,True
Brats18_CBICA_AQG_1-96.jpg,0.002498729211891432,0.0024987288153510805,0.002498725074169957,0.0024987267298623864,True
Brats18_CBICA_ASV_1-72.jpg,0.0011593479658016151,0.001159347964497206,0.0011593479521906894,0.0011593479576370459,False
Brats18_TCIA10_393_1-84.jpg,0.002358054291707407,0.002663348153296489,0.002052236041148283,0.0023181298788337275,True
Brats18_TCIA10_266_1-108,0.0017011961055315875,0.0017021937978897216,0.0017001966994840084,0.0017010656335940916,True
Brats18_TCIA02_374_1-96.jpg,0.0020007189836428636,0.0024317418769707775,0.0016997372671875874,0.002000718558652839,True
Brats18_CBICA_BHB_1-88.jpg,6.495840855983323e-06,7.895265834320707e-06,5.51862749086879e-06,6.4958394761455814e-06,False
Brats18_CBICA_AOH_1-76.jpg,0.0010385196678229828,0.0010385241967064078,0.001038516505320183,0.0010385196678185172,False
Brats18_TCIA05_478_1-100,0.0019569511678655775,0.002373554190682886,0.0016649050770956581,0.001956951167865563,True
Brats18_TCIA04_328_1-104,0.00019015871336667541,0.00019149827292557354,0.0001892196584124313,0.0001901587133666754,False
Brats18_TCIA01_186_1-100,0.00047427005203685524,0.00047427434549698,0.00047426704224533527,0.00047427005203685524,True
Brats18_2013_24_1-104,0.0006450003801722049,0.00064500039388933,0.0006450003705562576,0.0006450003801722048,True
Brats18_CBICA_ANP_1-76.jpg,2.054141338128041e-06,2.054141381813153e-06,2.0541413075040053e-06,2.0541413381280407e-06,False
Brats18_TCIA02_226_1-92.jpg,0.0026330038736022817,0.002459331074420208,0.002975847063061624,0.002693046229485428,True
Brats18_TCIA10_261_1-72.jpg,0.0006211492133742509,0.0006205996159084849,0.0006222341601763374,0.0006213392208295773,False
Brats18_TCIA01_425_1-104,0.0011005454178710488,0.0011005436841251002,0.001100548840416166,0.0011005460172636525,False
Brats18_CBICA_AQG_1-72.jpg,0.002329921954238971,0.0018793728827641058,0.002838648909028726,0.002261346820858032,False
Brats18_TCIA08_319_1-88.jpg,0.0007381379831623673,0.0007367256036279633,0.0007397327385065358,0.0007379230140922077,True
Brats18_CBICA_ASY_1-76.jpg,0.0014760337845814244,0.002909376474037935,0.0006255148272419489,0.0010286830611867148,False
Brats18_TCIA10_351_1-100,0.002247588890294646,0.0025522232682180057,0.002015055269272519,0.0022505059653052228,True
Brats18_CBICA_AOP_1-88.jpg,0.0016608282377185467,0.0016617743072152031,0.0016601060836159934,0.0016608372969577098,True
Brats18_CBICA_AYU_1-76.jpg,0.0020109771913836387,0.0015531324281957129,0.002656810585334495,0.0019599454843918056,False
Brats18_CBICA_AQV_1-80.jpg,0.0018239107186752903,0.0015480034951487521,0.0021372870312303467,0.0017954623234430424,False
Brats18_TCIA02_208_1-88.jpg,0.0008622132565257106,0.0008613643112225522,0.0008631774913335724,0.0008621257230019191,False
Brats18_TCIA02_208_1-76.jpg,0.002256878089088418,0.0026693336902177383,0.001972901412520539,0.0022688169758588615,True
Brats18_TCIA10_449_1-92.jpg,0.0028463285126728755,0.002847589844786421,0.002845460082469304,0.002846365023029972,True
Brats18_CBICA_AQU_1-100,0.0018897985151707765,0.0016683420442907934,0.0021758844879113757,0.001888455253492199,False
Brats18_TCIA10_299_1-72.jpg,0.001954458016477004,0.0019537848965047243,0.001955327578704179,0.001954453933614759,True
Brats18_TCIA09_462_1-108,0.0015401871289082065,0.0015401850891507151,0.0015401897639452588,0.0015401871165358968,True
Brats18_CBICA_AXO_1-88.jpg,0.002005109133809557,0.0017447175127469855,0.002248343766532085,0.00196469642844331,False
Brats18_TCIA03_474_1-84.jpg,0.001751686748035824,0.0017509024359241897,0.0017524193824717351,0.0017515650230196607,True
Brats18_TCIA01_411_1-80.jpg,0.0016126791682477596,0.0015067594667745473,0.0015536299736081008,0.0015298343483466413,False
Brats18_TCIA01_390_1-72.jpg,0.0007466663035722726,0.0007463491787175624,0.0007464895095763454,0.0007464182651893351,True
Brats18_TCIA01_429_1-76.jpg,0.002267274727672844,0.0018059730810694155,0.0027459568330703127,0.002178815838297416,False
Brats18_TCIA09_312_1-76.jpg,0.0021588749398138004,0.00163545423841017,0.0029449636693873534,0.0021029761877396688,False
Brats18_CBICA_ATB_1-72.jpg,0.0020565596826817713,0.002045469776073352,0.0020255927946250508,0.002034914572952041,False
Brats18_CBICA_AQQ_1-96.jpg,0.00032020647906554577,0.0003201742409649399,0.00032011645904212507,0.00032014355723493604,False
Brats18_TCIA13_630_1-84.jpg,0.0022309984742456966,0.002191996072270892,0.002068699244978506,0.0021285628871005953,False
Brats18_TCIA10_410_1-76.jpg,6.410915155878438e-06,6.298839288134747e-06,5.944538060283063e-06,6.1165600204040096e-06,False
Brats18_CBICA_AYA_1-88.jpg,0.00032381200466605203,0.00032381168626870047,0.00032381067973112133,0.0003238111684298717,False
Brats18_TCIA04_111_1-100,0.0011145418312088014,0.0011145418303093737,0.0011145418274660472,0.0011145418288465523,False
Brats18_TCIA10_351_1-72.jpg,0.0005605287598839576,0.0005605287598814312,0.0005605287598734444,0.0005605287598773222,False
Brats18_TCIA03_199_1-72.jpg,0.0012763553789348606,0.0013982137674857023,0.0010166738720304531,0.001177264008840549,False
Brats18_TCIA03_133_1-76.jpg,0.0016937857559547655,0.001753384470155088,0.0016708425097879975,0.0017110591175084008,False
Brats18_TCIA02_117_1-104,4.577799340418285e-06,4.738876946365103e-06,4.515790566994588e-06,4.624484101374056e-06,False
Brats18_TCIA12_466_1-76.jpg,0.0006677647400634257,0.0006677651742348703,0.0006677645729238747,0.000667764865898361,False
Brats18_TCIA02_135_1-88.jpg,0.0014144987864981662,0.0017515124187106575,0.0011410866260183423,0.0013818103397401139,False
Brats18_CBICA_AQQ_1-108,0.0017436361664967782,0.0022155930733963524,0.0014467659606131513,0.0017504806108776057,False
Brats18_TCIA02_331_1-104,4.637330230044623e-06,5.89253476967115e-06,3.84778181014136e-06,4.6555335395681e-06,False
Brats18_TCIA02_198_1-80.jpg,0.0020881077325290735,0.0019882343566125444,0.002064659613864608,0.0020257257350805,False
Brats18_CBICA_AUQ_1-104,0.0008131343082947759,0.0008128714836213112,0.0008130726027193429,0.0008129701451435953,False
Brats18_2013_3_1-104,0.0004361226379137257,0.00043612195168742416,0.00043612247680256265,0.00043612220928931005,False
Brats18_CBICA_AUR_1-92.jpg,0.0012180134771054196,0.0012180134753183721,0.0012180134766858594,0.00121801347598921,False
Brats18_CBICA_AQZ_1-96.jpg,0.0005770554554519719,0.0005770554554473302,0.000577055455450882,0.0005770554554490726,False
Brats18_2013_23_1-96.jpg,0.0017163321124257684,0.002428244722402859,0.001332457342721727,0.0017205805966653592,False
Brats18_TCIA01_221_1-80.jpg,4.378398245984103e-06,6.1945018428644355e-06,3.39912587429012e-06,4.38923621598306e-06,False
Brats18_TCIA10_282_1-80.jpg,0.0003430720433995785,0.0003430766527995706,0.0003430695579367062,0.0003430720709071166,False
Brats18_CBICA_ASN_1-96.jpg,0.0017694897315043698,0.0014695060461731215,0.0020535427521453705,0.0017130908975925706,False
Brats18_2013_26_1-80.jpg,0.0013843070945983842,0.0013675850192186644,0.0010461496472164956,0.0011850676158852054,False
Brats18_TCIA13_642_1-72.jpg,0.0002789452305274603,0.00027890342533901097,0.0002780998369090056,0.00027844713183067737,False
Brats18_TCIA02_608_1-80.jpg,0.0012811230247805005,0.0012811229205281602,0.001281120916566988,0.001281121782639112,False
Brats18_CBICA_AWH_1-76.jpg,3.186873195971394e-06,3.1868729366372144e-06,3.1868679516591744e-06,3.186870106067443e-06,False
Brats18_TCIA09_402_1-72.jpg,0.0017043582177204148,0.002019046217234182,0.001370422744674925,0.0016326724917485281,False
Brats18_CBICA_AYI_1-76.jpg,0.0015751264612516597,0.001203882604837492,0.0017781286313745307,0.0014351136167286918,False
Brats18_TCIA04_328_1-96.jpg,0.0005406669548777795,0.0005397788116806165,0.0005411526060024753,0.0005403319959195905,False
Brats18_2013_8_1-76.jpg,0.00028596749733739504,0.0002859653877336013,0.0002859686509030119,0.000285966701710416,False
Brats18_TCIA10_442_1-108,0.0011639853078287082,0.0010220046573169042,0.0008276630874452966,0.0009146168088237783,False
Brats18_TCIA08_167_1-108,0.0015561911895023823,0.001339890752762599,0.001961728556905347,0.001592061676917958,False
Brats18_2013_23_1-80.jpg,0.0015828989255348433,0.0012942481438114203,0.00203693607175057,0.001582795867042538,False
Brats18_2013_24_1-84.jpg,0.0012768913461962163,0.0014513275101611892,0.0010985531037336937,0.001250031241701459,False
Brats18_CBICA_ASY_1-88.jpg,0.0015739944886913855,0.0016083134574257116,0.0015410701864612025,0.0015739323125235735,False
Brats18_CBICA_ARF_1-108,0.001976790720775337,0.002159783775044892,0.0018303720013087578,0.0019814667284695745,False
